MOTH SUB FAMILY,PLANT FAMILY
Smerinthinae,Betu
Smerinthinae,Betu
Smerinthinae,Betu
Smerinthinae,Fab
Smerinthinae,Fab
Smerinthinae,Fab
Smerinthinae,Fab
Smerinthinae,Elae
Smerinthinae,Eri
Smerinthinae,Ole
Smerinthinae,Eup
Smerinthinae,Mal
Macroglossinae,Verb
Macroglossinae,Fab
Macroglossinae,Fab
Macroglossinae,Fab
Macroglossinae,Fab
Macroglossinae,Fab
Macroglossinae,Fab
Macroglossinae, Betu
Macroglossinae, Betu
Macroglossinae, Betu
Macroglossinae, Betu
Macroglossinae, Betu
Macroglossinae, Betu
Macroglossinae, Betu
Macroglossinae,Bals
Macroglossinae,Bals
Macroglossinae,Bals
Macroglossinae, Ast
Macroglossinae,Ole
Macroglossinae,Ole
Macroglossinae,Sal
Macroglossinae,Ara
Macroglossinae,Ara
Macroglossinae,Acan
Macroglossinae,Acan
Macroglossinae,Eri
Macroglossinae,Eri
Macroglossinae,Eri
Macroglossinae,Eri
Macroglossinae,Ros
Macroglossinae,Ros
Macroglossinae,Ros
Macroglossinae,Brass
Macroglossinae,Poa
Sphinginae,Poa
Sphinginae,Poa
Sphinginae,Poa
Sphinginae,Fab
Sphinginae,Fab
Sphinginae,Fab
Sphinginae,Eri
Sphinginae,Poa
Sphinginae,Poa
Sphinginae,Betu
